{
	"version": "0.2.0",
	"configurations": [
		{
			"name": "Wing 内置播放器调试",
			"type": "chrome",
			"request": "launch",
			"file": "index.html",
			"runtimeExecutable": "${execPath}",
			"useBuildInServer": true,
			"sourceMaps": true,
			"webRoot": "${workspaceRoot}",
			"preLaunchTask": null,
			"port": 3003
		},
		{
			"name": "使用本机 Chrome 调试",
			"type": "chrome",
			"request": "launch",
			"file": "index.html",
			"runtimeExecutable": null,
			"useBuildInServer": true,
			"sourceMaps": true,
			"webRoot": "${workspaceRoot}",
			"preLaunchTask": null,
			"userDataDir": "${tmpdir}",
			"port": 3003
		},
		{
			"name": "附加到 Chrome 进程",
			"type": "chrome",
			"request": "attach",
			"port": 9222,
			"webRoot": "${workspaceRoot}"
		}
	]
}