{
	"version": "0.2.0",
	"configurations": [
		{
			"name": "启动",
			"type": "node",
			"request": "launch",
			"program": "${workspaceRoot}/out/main.js",
			"stopOnEntry": false,
			"args": [],
			"cwd": "${workspaceRoot}",
			"preLaunchTask": null,
			"runtimeExecutable": null,
			"runtimeArgs": [
				"--nolazy"
			],
			"env": {
				"NODE_ENV": "development"
			},
			"externalConsole": false,
			"sourceMaps": true,
			"outDir": "${workspaceRoot}/out"
		},
		{
			"name": "附加",
			"type": "node",
			"request": "attach",
			"port": 5858,
			"address": "localhost",
			"restart": false,
			"sourceMaps": false,
			"outDir": null,
			"localRoot": "${workspaceRoot}",
			"remoteRoot": null
		}
	]
}